metric,n,srcc,srcc_lo,srcc_hi,plcc,plcc_lo,plcc_hi,krcc,krcc_lo,krcc_hi,intra_scene_srcc,n_scenes,p_vs_uranker
uranker,960,0.6226314450196665,0.5808943079015,0.6649829730330445,0.6399830233732969,0.6062507534893881,0.6770249007688759,0.4454133483059289,0.41254917323022805,0.48034316122255694,0.5784869232943092,60,
liqe_mix,960,0.4838169305664776,0.4341201180381605,0.5288011437765305,0.4797294808822409,0.431760794679256,0.5272159909082207,0.33429354746776735,0.2978137764097106,0.3685279901794396,0.3806452654683316,60,0.0
liqe,960,0.4821255088489754,0.4314483117693635,0.5283281935192381,0.49939033675718575,0.4539883878550651,0.5450163966802578,0.33019199939381916,0.2942000055303775,0.36471465054483876,0.400589714723042,60,0.0
musiq,960,0.40321040129209157,0.3488420778664802,0.45809590332142713,0.4216628901099455,0.37020304445406943,0.4763229640152891,0.2760506958456537,0.237984964961964,0.31444439976127486,0.3028458435273245,60,0.0
arniqa,960,0.3880983169509593,0.33169383122096135,0.4432860342785485,0.4078311715819929,0.3552452350874033,0.46331988061552704,0.2679040828809791,0.22805736386644576,0.3079353039351008,0.2892641646278685,60,0.0
uciqe,960,0.3338869929012102,0.2754744341344917,0.388117963216235,0.3686066547797608,0.31855400427342623,0.42078068384781614,0.2267539114738148,0.18680935988485314,0.2656492570976548,0.3512111740182819,60,0.0
uiqm,960,0.3249976260688338,0.27153314016414815,0.379004739154658,0.32331199783874853,0.2707417212252384,0.3781766484419825,0.21791212086948797,0.18027595004997896,0.2549448903049241,0.2926453989764436,60,0.0
topiq_nr,960,0.31599427256299695,0.25734283760709903,0.3729683773357562,0.3299583044624517,0.27639765582053816,0.3883087429231326,0.21215083618087008,0.17227095658733385,0.25111599298021847,0.16703039865138553,60,0.0
uciqe_legacy,960,0.31165480370210397,0.25097367606666515,0.36745468149032257,0.3656061385498696,0.31710383411546444,0.4139508434966086,0.21276780633606143,0.1702124861138173,0.25133440573932303,0.3861090934357779,60,0.0
clipiqa+,960,0.29757312959214643,0.2379343187533889,0.35808809876378256,0.34720768329839613,0.28872665596304264,0.40350026854770427,0.20099323506445174,0.15963974023567667,0.24223477518880007,0.06809206015914154,60,0.0
tres,960,0.28978733388059796,0.23008243760906577,0.3443285126754139,0.3060993066966478,0.24822396574580477,0.36178901929124996,0.1944151166492425,0.1539247366314104,0.2319351614177205,0.07033321425601917,60,0.0
qualiclip,960,0.24901697683931598,0.18713531050376556,0.31309743779893745,0.2758785401723912,0.2121077887945881,0.3406589064908168,0.16868485426161423,0.1270747696893699,0.21262302182275897,0.02178905330992916,60,0.0
maniqa,960,0.21355343593933368,0.15165153709282225,0.2734546000390923,0.24132789562144988,0.18346351919239928,0.3060539237980035,0.14170327212261197,0.100524161448443,0.18255854377868674,-0.09019910945648583,60,0.0
clipiqa,960,0.18967576420204585,0.12911371893712092,0.25364090336902023,0.20439512587616382,0.1541828088729309,0.26974623938133296,0.1285817941741761,0.08679159319483111,0.17220320195435407,0.020836220023917423,60,0.0
niqe,960,0.1580412138864578,0.09521740977723121,0.21520949241813173,0.17723268619469768,0.10909494576521175,0.2314949405319979,0.10610583211216983,0.06356315169987393,0.14488269636123607,0.07398054731780923,60,0.0
brisque,960,0.03424338922474711,-0.02309512006612529,0.0950435953324576,0.07212747809953526,0.030128234852239838,0.14837685152969,0.021504909155332222,-0.016420518524958617,0.06158914766726693,-0.05624016721019796,60,0.0
