model,kind,pos_rate,srcc,plcc,auroc,bal_acc,f1
mlp@clip_b32+dinov2_s14,learned,0.1508261731658955,0.1719871851295909,0.1863964737299789,0.6020932703319386,0.5641631993246644,0.2807730638225609
iqa_raw-liqe,baseline,0.1508261731658955,-0.0255009240433941,-0.0473075226532509,0.5975635940420682,0.5589018545941365,0.2829847793312988
mlp@resnet18,learned,0.1508261731658955,0.1584686977733715,0.1505234414800779,0.5968376250393022,0.5575953703957234,0.275584112920522
mlp@clip_b32,learned,0.1508261731658955,0.1737530041583966,0.1854201581212919,0.5967750879597271,0.5409952400393516,0.2617680535693278
mlp_norank@clip_b32+dinov2_s14,learned,0.1508261731658955,0.1721251857642318,0.1871692930933318,0.5964450175785835,0.5496737262300038,0.2521960315707365
mlp_norank@clip_b32,learned,0.1508261731658955,0.1676972987408368,0.1825685604308918,0.5959079260019969,0.5428766563120319,0.2631402219730036
iqa_raw-topiq_nr,baseline,0.1508261731658955,-0.0197515640280484,-0.0190073408942286,0.5929562840026648,0.5554854674943147,0.2826226189207388
logreg@clip_b32,learned,0.1508261731658955,,,0.5928382973719855,0.5649914507593653,0.2833439818055654
mlp_norank@resnet18,learned,0.1508261731658955,0.1535951189693841,0.1477050195689533,0.5920681553797122,0.5510539419645488,0.2625542203014368
logreg@clip_b32+dinov2_s14,learned,0.1508261731658955,,,0.5873828341707178,0.5477113054368569,0.2570808812380077
mlp@dinov2_s14,learned,0.1508261731658955,0.1557369750312957,0.1707355178633048,0.5871500802270906,0.5481430172108824,0.2602946878578117
mlp_norank@dinov2_s14,learned,0.1508261731658955,0.1580746707438776,0.1764601580245429,0.5805531236204602,0.5417308793814202,0.2548438480543561
logreg@resnet18,learned,0.1508261731658955,,,0.5727100178678913,0.5385420552460476,0.2634922590538363
logreg@dinov2_s14,learned,0.1508261731658955,,,0.5590642509178811,0.5385787093001079,0.2623453512437415
iqa_raw-uciqe,baseline,0.1508261731658955,-0.0081154718239116,-0.0044659802598306,0.5322122130235225,0.532148916110877,0.2358155415266614
ridge@resnet18,learned,0.1508261731658955,0.1752141474073608,0.1687802761649111,0.5213481545984091,0.503877916943496,0.0707666354545077
iqa_raw-uiqm,baseline,0.1508261731658955,-0.1323765834575658,-0.1492546501328693,0.5063631872443091,0.4878225513670634,0.131619926548302
iqa_raw-uranker,baseline,0.1508261731658955,-0.1175893716951489,-0.1210481258281768,0.5027908939957271,0.5067458827170276,0.2423762930855985
ridge@dinov2_s14,learned,0.1508261731658955,0.1538888375730564,0.1698834969223633,0.4993955405085574,0.4998359311401492,0.0278710668560816
ridge@clip_b32+dinov2_s14,learned,0.1508261731658955,0.1679191697896884,0.1878112698828446,0.4955684078161636,0.5035859338739964,0.0942848800071451
iqa_delta-uranker,baseline,0.1508261731658955,-0.0247367685128087,-0.022984428069427,0.4842720185924591,0.4880062357059261,0.2441271166118721
ridge@clip_b32,learned,0.1508261731658955,0.1538866030806544,0.172703808675894,0.4834511761509953,0.492455390844578,0.059968305950023
iqa_delta-topiq_nr,baseline,0.1508261731658955,0.0028644894934939,0.0045147223948837,0.4694303337017311,0.4907609663810136,0.1590335247905055
iqa_delta-uiqm,baseline,0.1508261731658955,-0.1393880239465268,-0.1489146670343712,0.4659669629061648,0.4891945657411088,0.1607556950176273
iqa_delta-liqe,baseline,0.1508261731658955,-0.0033335770700055,-0.0128942761069179,0.4464519735209172,0.4924674771937442,0.1369920663359829
iqa_delta-uciqe,baseline,0.1508261731658955,-0.0152275110409619,-0.0219279439446819,0.4415381498161306,0.4807544235748168,0.1125250085421908
