policy,frac_enhanced,map50,map,d_map_vs_raw,mean_image_ap
oracle,0.5926415510024234,0.634511569565499,0.42331030567805017,0.02134096234675026,0.5979277357740757
noise_oracle,0.24322538003965632,0.644666623103794,0.40358043499893165,0.0016110916676317366,0.535403953201437
logreg@clip_b32+dinov2_s14|p,0.0004406256884776382,0.6443822556702143,0.4020057462428035,3.6402911503585766e-05,0.530951532955809
iqa_delta-uiqm|tuned,0.0,0.6443193246720545,0.4019693433312999,0.0,0.5310077381797683
mlp_norank@clip_b32+dinov2_s14|p,0.0,0.6443193246720545,0.4019693433312999,0.0,0.5310077381797683
mlp_norank@clip_b32|d,0.0,0.6443193246720545,0.4019693433312999,0.0,0.5310077381797683
mlp_norank@clip_b32|p,0.0,0.6443193246720545,0.4019693433312999,0.0,0.5310077381797683
mlp@resnet18|p,0.0,0.6443193246720545,0.4019693433312999,0.0,0.5310077381797683
mlp@resnet18|d,0.0,0.6443193246720545,0.4019693433312999,0.0,0.5310077381797683
mlp@dinov2_s14|p,0.0,0.6443193246720545,0.4019693433312999,0.0,0.5310077381797683
mlp@dinov2_s14|d,0.0,0.6443193246720545,0.4019693433312999,0.0,0.5310077381797683
mlp@clip_b32+dinov2_s14|d,0.0,0.6443193246720545,0.4019693433312999,0.0,0.5310077381797683
mlp@clip_b32+dinov2_s14|p,0.0,0.6443193246720545,0.4019693433312999,0.0,0.5310077381797683
mlp@clip_b32|d,0.0,0.6443193246720545,0.4019693433312999,0.0,0.5310077381797683
mlp@clip_b32|p,0.0,0.6443193246720545,0.4019693433312999,0.0,0.5310077381797683
iqa_raw-uiqm|tuned,0.0,0.6443193246720545,0.4019693433312999,0.0,0.5310077381797683
logreg@dinov2_s14|p,0.0,0.6443193246720545,0.4019693433312999,0.0,0.5310077381797683
iqa_raw-uciqe|tuned,0.0,0.6443193246720545,0.4019693433312999,0.0,0.5310077381797683
all_raw,0.0,0.6443193246720545,0.4019693433312999,0.0,0.5310077381797683
ridge@clip_b32+dinov2_s14|d,0.0,0.6443193246720545,0.4019693433312999,0.0,0.5310077381797683
ridge@clip_b32+dinov2_s14|p,0.0,0.6443193246720545,0.4019693433312999,0.0,0.5310077381797683
ridge@clip_b32|d,0.0,0.6443193246720545,0.4019693433312999,0.0,0.5310077381797683
ridge@clip_b32|p,0.0,0.6443193246720545,0.4019693433312999,0.0,0.5310077381797683
mlp_norank@dinov2_s14|d,0.0,0.6443193246720545,0.4019693433312999,0.0,0.5310077381797683
mlp_norank@dinov2_s14|p,0.0,0.6443193246720545,0.4019693433312999,0.0,0.5310077381797683
mlp_norank@resnet18|d,0.0,0.6443193246720545,0.4019693433312999,0.0,0.5310077381797683
mlp_norank@resnet18|p,0.0,0.6443193246720545,0.4019693433312999,0.0,0.5310077381797683
ridge@dinov2_s14|d,0.0,0.6443193246720545,0.4019693433312999,0.0,0.5310077381797683
ridge@dinov2_s14|p,0.0,0.6443193246720545,0.4019693433312999,0.0,0.5310077381797683
ridge@resnet18|d,0.0,0.6443193246720545,0.4019693433312999,0.0,0.5310077381797683
ridge@resnet18|p,0.0,0.6443193246720545,0.4019693433312999,0.0,0.5310077381797683
mlp_norank@clip_b32+dinov2_s14|d,0.0,0.6443193246720545,0.4019693433312999,0.0,0.5310077381797683
iqa_delta-uciqe|tuned,0.0002203128442388191,0.6443162023989439,0.4019681153264624,-1.2280048374835317e-06,0.5310014050943778
logreg@resnet18|p,0.0006609385327164573,0.6443018581026867,0.4019542986964428,-1.5044634857130923e-05,0.5308059483378627
iqa_raw-liqe|tuned,0.0004406256884776382,0.6443056867790047,0.4019508994131343,-1.8443918165633733e-05,0.5309109965869988
iqa_raw-uranker|tuned,0.0002203128442388191,0.6442776078439538,0.4019181954929249,-5.114783837500969e-05,0.5309506604296932
iqa_raw-topiq_nr|tuned,0.0028640669751046487,0.6442484769799033,0.4019042768452767,-6.506648602322418e-05,0.5307127829262501
iqa_delta-liqe|tuned,0.0011015642211940956,0.6436968052185533,0.4014298643039867,-0.0005394790273132166,0.5307950939638324
iqa_delta-uranker|tuned,0.017184401850627893,0.6435227446083518,0.4013003239004698,-0.0006690194308300867,0.5294882532767178
logreg@clip_b32|p,0.01520158625247852,0.6424521209467885,0.40093950680708534,-0.0010298365242145668,0.530302396904025
iqa_delta-topiq_nr|tuned,0.03679224498788279,0.6339851382626164,0.3963227802735894,-0.005646563057710496,0.5188770816920503
all_udcp,1.0,0.5387863359209983,0.34195076569596,-0.06001857763533991,0.4526022478864413
all_clahe,1.0,0.5565717571862411,0.3393409537132558,-0.06262838961804412,0.4855374813538978
iqa_delta-uciqe|naive,1.0,0.5341527197623687,0.33633857126475375,-0.06563077206654616,0.45237774096843864
all_funiegan,1.0,0.4291776304417083,0.27847744339707986,-0.12349189993422005,0.42367691994531675
iqa_delta-uiqm|naive,1.0,0.4334311027127453,0.2771400273432266,-0.12482931598807329,0.42651169278030154
iqa_delta-uranker|naive,1.0,0.43618421777685346,0.26493933409354015,-0.13703000923775976,0.4225810365347951
all_gray_world,1.0,0.411934506956963,0.2644672920602587,-0.1375020512710412,0.43667069883188303
iqa_delta-liqe|naive,1.0,0.37682738704083707,0.2347380945985525,-0.16723124873274742,0.3630426723984021
iqa_delta-topiq_nr|naive,1.0,0.3614423953704838,0.22790361530330355,-0.17406572802799636,0.3482175701643188
all_fusion,1.0,0.3146262756507133,0.19460314596488365,-0.20736619736641626,0.33164243032777196
