method,pos_rate,srcc,plcc,auroc,bal_acc,f1,model
clahe,0.1868252919145186,-0.027619736981406785,-0.00882007631589839,0.42947531731953814,0.4987808182064481,0.0,ridge@clip_b32
funiegan,0.15135492399206874,0.16250809790304485,0.1756727468752752,0.48130160932674915,0.49935098650051923,0.0,ridge@clip_b32
fusion,0.09297202026878167,0.2758180969886473,0.3062208310969847,0.48924238534708125,0.4971474190358553,0.008565310492505354,ridge@clip_b32
gray_world,0.1760299625468165,0.21792322120958685,0.2227328985891391,0.5371353228969367,0.497021845488679,0.14223512336719885,ridge@clip_b32
udcp,0.14694866710729235,0.14080333628339983,0.16771264313396936,0.480101245864671,0.4699758849913886,0.14904109589041095,ridge@clip_b32
clahe,0.1868252919145186,,,0.5455924789007428,0.5334233449032066,0.29710391822827936,logreg@clip_b32
funiegan,0.15135492399206874,,,0.5974506523010787,0.5614737651171965,0.2857142857142857,logreg@clip_b32
fusion,0.09297202026878167,,,0.5631458741756237,0.5471355045027726,0.1828793774319066,logreg@clip_b32
gray_world,0.1760299625468165,,,0.6785038785112406,0.6464131300489248,0.3817663817663818,logreg@clip_b32
udcp,0.14694866710729235,,,0.5794986029712417,0.5365115092247265,0.2692559458869736,logreg@clip_b32
clahe,0.1868252919145186,-0.046817193028942404,-0.033256583783044046,0.5579606564667754,0.5326557651707621,0.31893848009650183,mlp@clip_b32
funiegan,0.15135492399206874,0.1995399007298122,0.22468266262120282,0.619124491180974,0.5648945480598747,0.27918570835064394,mlp@clip_b32
fusion,0.09297202026878167,0.29742907058177787,0.3109085352855709,0.5599030490844228,0.5185970320725417,0.15046132008516677,mlp@clip_b32
gray_world,0.1760299625468165,0.2381807293950854,0.230230268032356,0.6653972545896274,0.5675987029241096,0.29723991507430997,mlp@clip_b32
udcp,0.14694866710729235,0.18043251311425035,0.194535908450374,0.581489988476836,0.5212301519694698,0.2630148442400167,mlp@clip_b32
clahe,0.1868252919145186,-0.04714768553757484,-0.03546725108409114,0.5602086027716577,0.5357636244204413,0.3205065757428154,mlp_norank@clip_b32
funiegan,0.15135492399206874,0.18641078729243987,0.2131478173436056,0.618873010258759,0.5740357189822561,0.28885400313971743,mlp_norank@clip_b32
fusion,0.09297202026878167,0.29436342549681455,0.3149657306259481,0.5617898046131691,0.5219411594740108,0.15491009681881052,mlp_norank@clip_b32
gray_world,0.1760299625468165,0.2287697805996828,0.22597301724663132,0.6615321290650745,0.5636932529297987,0.2899343544857768,mlp_norank@clip_b32
udcp,0.14694866710729235,0.17609018585282185,0.19422348802236505,0.5771360833013246,0.5189495257536522,0.26149607967789784,mlp_norank@clip_b32
clahe,0.1868252919145186,-0.045347093049591385,-0.03618921619721227,0.4253129744457451,0.5,0.0,ridge@dinov2_s14
funiegan,0.15135492399206874,0.17844722917979278,0.18050930655486397,0.5344186879611114,0.4994807892004154,0.0,ridge@dinov2_s14
fusion,0.09297202026878167,0.28963435498990664,0.3359913670662751,0.4997340814355458,0.4984211804712169,0.0,ridge@dinov2_s14
gray_world,0.1760299625468165,0.160672130052214,0.15700298954811803,0.5220350638833301,0.5013169871430196,0.030127462340672075,ridge@dinov2_s14
udcp,0.14694866710729235,0.18603756669296015,0.21210303763977167,0.5154768948170543,0.4999606988860942,0.10922787193973635,ridge@dinov2_s14
clahe,0.1868252919145186,,,0.5493800575596939,0.5357073938136109,0.30646153846153845,logreg@dinov2_s14
funiegan,0.15135492399206874,,,0.6078847488062686,0.5653871181306598,0.27524752475247527,logreg@dinov2_s14
fusion,0.09297202026878167,,,0.5169951892914249,0.511158219243525,0.15400624349635797,logreg@dinov2_s14
gray_world,0.1760299625468165,,,0.581339642467523,0.5588263738764365,0.31529959278650377,logreg@dinov2_s14
udcp,0.14694866710729235,,,0.539721616464495,0.5218144414363066,0.2607118567218318,logreg@dinov2_s14
clahe,0.1868252919145186,-0.06644568207404748,-0.04826265793430841,0.5445049278459078,0.5387987992209505,0.309480122324159,mlp@dinov2_s14
funiegan,0.15135492399206874,0.19088503766106232,0.2016785870970511,0.6480068200265727,0.556891559763657,0.2515295717199184,mlp@dinov2_s14
fusion,0.09297202026878167,0.30364316276886505,0.3388107673886368,0.5522599048909446,0.5180738286632585,0.12646370023419204,mlp@dinov2_s14
gray_world,0.1760299625468165,0.1611827720550597,0.1496754907912324,0.6439781009684566,0.6112242575947207,0.35545162233265126,mlp@dinov2_s14
udcp,0.14694866710729235,0.189419584745539,0.21177540197391212,0.547000647403571,0.5157266408118255,0.2585484226781381,mlp@dinov2_s14
clahe,0.1868252919145186,-0.0546523271726785,-0.03644712609524884,0.5482690238366654,0.5346949233985778,0.3068559347629115,mlp_norank@dinov2_s14
funiegan,0.15135492399206874,0.1965979603071861,0.21218670769569328,0.639432284179866,0.5417097452919597,0.22562674094707522,mlp_norank@dinov2_s14
fusion,0.09297202026878167,0.30480452795706137,0.3469245924006987,0.5410038368250014,0.5169626689475035,0.13575525812619502,mlp_norank@dinov2_s14
gray_world,0.1760299625468165,0.15251604981386607,0.1407086318547178,0.6274547730117191,0.6033337125952896,0.34931096464949074,mlp_norank@dinov2_s14
udcp,0.14694866710729235,0.19110714281395313,0.21892798426685384,0.546605700249049,0.5119533466737706,0.25667034178610804,mlp_norank@dinov2_s14
clahe,0.1868252919145186,-0.018343286383271578,-0.004697860045518159,0.43026669921226035,0.4990517474939041,0.0,ridge@resnet18
funiegan,0.15135492399206874,0.14214593192236147,0.13937129357365702,0.5215922162214452,0.497533748701973,0.0,ridge@resnet18
fusion,0.09297202026878167,0.29428147589697284,0.2879606624872108,0.5163534161326231,0.4949078321650951,0.04047217537942664,ridge@resnet18
gray_world,0.1760299625468165,0.22304521864010063,0.1979326335933118,0.5721610569361435,0.5229946524064171,0.23955147808358818,ridge@resnet18
udcp,0.14694866710729235,0.23494139696064092,0.22333465121589413,0.5663673844895734,0.5049016039500911,0.07380952380952381,ridge@resnet18
clahe,0.1868252919145186,,,0.5274188106715468,0.505197816718893,0.31411139539460736,logreg@resnet18
funiegan,0.15135492399206874,,,0.5983292295274502,0.5605271690087835,0.2768754833720031,logreg@resnet18
fusion,0.09297202026878167,,,0.5778796045065714,0.5198555406032322,0.15595757953836556,logreg@resnet18
gray_world,0.1760299625468165,,,0.574040411476913,0.5509216065536466,0.301510989010989,logreg@resnet18
udcp,0.14694866710729235,,,0.5858820331569752,0.5562081433456825,0.26900584795321636,logreg@resnet18
clahe,0.1868252919145186,-0.07010434492036353,-0.06419162264469189,0.5356626649218138,0.5248772511412256,0.3014256619144603,mlp@resnet18
funiegan,0.15135492399206874,0.1277209172391095,0.12533522697797733,0.6193737048071212,0.5647766486643359,0.29027322404371586,mlp@resnet18
fusion,0.09297202026878167,0.30283401223389267,0.2903240571620517,0.5810579644912379,0.51732327063718,0.14989590562109645,mlp@resnet18
gray_world,0.1760299625468165,0.2022917862498496,0.18742987700089528,0.6572284540167188,0.6104534076686767,0.354501402703392,mlp@resnet18
udcp,0.14694866710729235,0.22960111806436956,0.21371966890415725,0.5908653369596193,0.5705462738671987,0.28182437031994556,mlp@resnet18
clahe,0.1868252919145186,-0.07664667688153105,-0.07232186516718947,0.5429028347893652,0.5420168832397009,0.32680652680652683,mlp_norank@resnet18
funiegan,0.15135492399206874,0.12229823820256272,0.12276338805274245,0.6112463931098384,0.5508594185745963,0.2538293216630197,mlp_norank@resnet18
fusion,0.09297202026878167,0.30852060999037345,0.3018313613335145,0.5832713624124685,0.5147976198561738,0.12554112554112554,mlp_norank@resnet18
gray_world,0.1760299625468165,0.18859756055470647,0.17866299565038532,0.6393921546317924,0.6024405506883604,0.3490833978827782,mlp_norank@resnet18
udcp,0.14694866710729235,0.2252058629808091,0.2075892179753139,0.5835280319550968,0.5451552374639127,0.2575107296137339,mlp_norank@resnet18
clahe,0.1868252919145186,-0.02342121312689656,-0.007706220826554107,0.43173604330779103,0.4983744242752642,0.0,ridge@clip_b32+dinov2_s14
funiegan,0.15135492399206874,0.1904695524372028,0.20204514611055005,0.5151330676062341,0.4998469575154063,0.00847457627118644,ridge@clip_b32+dinov2_s14
fusion,0.09297202026878167,0.2865893866052884,0.32508983059715046,0.49571594832200777,0.49787610497221674,0.008676789587852495,ridge@clip_b32+dinov2_s14
gray_world,0.1760299625468165,0.20924166049512938,0.2151392967449366,0.537179830402977,0.5313943565820912,0.30793157076205285,ridge@clip_b32+dinov2_s14
udcp,0.14694866710729235,0.176716462537718,0.20448829678814034,0.49807714944180803,0.490437826025004,0.14634146341463414,ridge@clip_b32+dinov2_s14
clahe,0.1868252919145186,,,0.5535203554796727,0.5347577035931358,0.2857142857142857,logreg@clip_b32+dinov2_s14
funiegan,0.15135492399206874,,,0.6065107673890271,0.5392111850249629,0.22001419446415899,logreg@clip_b32+dinov2_s14
fusion,0.09297202026878167,,,0.5608769326581381,0.5262416152192908,0.16343327454438566,logreg@clip_b32+dinov2_s14
gray_world,0.1760299625468165,,,0.6567055744814708,0.6051712367732393,0.35044642857142855,logreg@clip_b32+dinov2_s14
udcp,0.14694866710729235,,,0.5593005408452798,0.5331747865736554,0.2657962228957799,logreg@clip_b32+dinov2_s14
clahe,0.1868252919145186,-0.03917274348802586,-0.02992961415058835,0.5709056769909469,0.5504690463289081,0.3242491657397108,mlp@clip_b32+dinov2_s14
funiegan,0.15135492399206874,0.18558248871515018,0.21475646854535685,0.6261973212652723,0.5755247656749514,0.2884097035040431,mlp@clip_b32+dinov2_s14
fusion,0.09297202026878167,0.3284714237158836,0.3524907206385519,0.5904445444676851,0.5290300188675553,0.15638575152041703,mlp@clip_b32+dinov2_s14
gray_world,0.1760299625468165,0.2051212075928522,0.1968026004309443,0.6577486564087462,0.6230430083058369,0.3647723891698899,mlp@clip_b32+dinov2_s14
udcp,0.14694866710729235,0.1799335491120944,0.1978621931856301,0.5651701525270423,0.5427491574460703,0.27004830917874395,mlp@clip_b32+dinov2_s14
clahe,0.1868252919145186,-0.03432895413405125,-0.023403762940708034,0.5618154882094641,0.5339332542696922,0.2637795275590551,mlp_norank@clip_b32+dinov2_s14
funiegan,0.15135492399206874,0.189834828552101,0.21708657909516468,0.6096694886945061,0.5438784139810544,0.2409356725146199,mlp_norank@clip_b32+dinov2_s14
fusion,0.09297202026878167,0.3340442247915671,0.3589708307440004,0.598068694477988,0.5213854357208063,0.13271245634458673,mlp_norank@clip_b32+dinov2_s14
gray_world,0.1760299625468165,0.1981120816753583,0.18807822812386993,0.640940881984834,0.6103083399704176,0.35459817729908866,mlp_norank@clip_b32+dinov2_s14
udcp,0.14694866710729235,0.17296374793618388,0.19511459044433213,0.5717305345261254,0.5388631872080488,0.268954324136332,mlp_norank@clip_b32+dinov2_s14
clahe,0.1868252919145186,-0.09374636610429109,-0.05313901176152659,0.5472594288503908,0.5472154986888045,0.325712817878243,iqa_raw-liqe
funiegan,0.15135492399206874,0.023069133065037137,-0.05095337964032751,0.6380645378268118,0.5957286409373909,0.3074085459575776,iqa_raw-liqe
fusion,0.09297202026878167,-0.13674984422425898,-0.10914634609644239,0.5714696432662167,0.5,0.1701269905261036,iqa_raw-liqe
gray_world,0.1760299625468165,0.10638532219662805,0.008452351950880324,0.6562779008520008,0.6080469905563772,0.35318704284221525,iqa_raw-liqe
udcp,0.14694866710729235,-0.026462865150086036,-0.031751227718838704,0.5747464594149206,0.5435181427881101,0.25848849945235486,iqa_raw-liqe
clahe,0.1868252919145186,0.08656922080370405,0.08634061290098634,0.4575633041615761,0.49831020636632706,0.02188183807439825,iqa_delta-liqe
funiegan,0.15135492399206874,0.13077292403002727,0.0761430354570284,0.510807255649724,0.5,0.2629161882893226,iqa_delta-liqe
fusion,0.09297202026878167,-0.07923274671323002,-0.0521774828768818,0.4152813383877047,0.48585566492879484,0.01990049751243781,iqa_delta-liqe
gray_world,0.1760299625468165,-0.20342895190516766,-0.19975628336423717,0.3801923192761005,0.4923398566389805,0.2846927374301676,iqa_delta-liqe
udcp,0.14694866710729235,0.04865166843463885,0.024978737348514694,0.46841565012948067,0.48583165803461903,0.09556907037358818,iqa_delta-liqe
clahe,0.1868252919145186,-0.0922764223781959,-0.09142546619514529,0.5409489809480481,0.5326635927268266,0.31915404950732995,iqa_raw-topiq_nr
funiegan,0.15135492399206874,0.019925082698793777,0.031880158864383064,0.6355850606350545,0.5916826511039464,0.3047034764826176,iqa_raw-topiq_nr
fusion,0.09297202026878167,-0.12732545384489607,-0.1251191719289309,0.570049396387882,0.5,0.1701269905261036,iqa_raw-topiq_nr
gray_world,0.1760299625468165,0.13096903109120409,0.1225484793102115,0.6565434399951813,0.6119922630560929,0.3565331582403152,iqa_raw-topiq_nr
udcp,0.14694866710729235,-0.030050057707148123,-0.03292070452166136,0.5616545420471583,0.5410888305847077,0.26259541984732826,iqa_raw-topiq_nr
clahe,0.1868252919145186,0.04427606530537113,0.03664115845249335,0.5122111472066169,0.5073126945706793,0.09559512652296158,iqa_delta-topiq_nr
funiegan,0.15135492399206874,0.1527979535265422,0.16810496649419707,0.549903186457894,0.5063960422079836,0.125114995400184,iqa_delta-topiq_nr
fusion,0.09297202026878167,-0.18628145751342778,-0.2191012322470656,0.4028461920116221,0.4967773202545911,0.16900264066626042,iqa_delta-topiq_nr
gray_world,0.1760299625468165,-0.05584606329597594,-0.055097633773218545,0.43693972412039117,0.4863579474342929,0.2871752914706484,iqa_delta-topiq_nr
udcp,0.14694866710729235,0.059375949444960135,0.09202635304801238,0.44525141871213153,0.45696082743752087,0.11827956989247312,iqa_delta-topiq_nr
clahe,0.1868252919145186,-0.024701168229676572,-0.05442571895092955,0.5236654176656119,0.5154095824621849,0.2980716253443526,iqa_raw-uciqe
funiegan,0.15135492399206874,-0.11980700826365286,-0.08842113371025626,0.5067988651427414,0.5553101207561886,0.2859567246499788,iqa_raw-uciqe
fusion,0.09297202026878167,0.03195144810739219,0.028654904430465998,0.5379774303057373,0.4936875997914093,0.015473887814313346,iqa_raw-uciqe
gray_world,0.1760299625468165,0.08543115027786137,0.0854534026785512,0.5603645599780475,0.5533792240300375,0.3127617983803407,iqa_raw-uciqe
udcp,0.14694866710729235,-0.01345178101148251,0.006408644253015116,0.5322547920254748,0.542958053514565,0.26681367144432194,iqa_raw-uciqe
clahe,0.1868252919145186,-0.09590852821795075,-0.07008732708854121,0.44467195830756095,0.4511571683799962,0.24321201617562102,iqa_delta-uciqe
funiegan,0.15135492399206874,-0.10879129503461814,-0.12489543565787316,0.43005089323907425,0.4853634702326699,0.10361842105263158,iqa_delta-uciqe
fusion,0.09297202026878167,0.1871979587191209,0.15507138868468098,0.4685531152187151,0.4916431349841773,0.07664670658682635,iqa_delta-uciqe
gray_world,0.1760299625468165,-0.06249257436674842,-0.06498156994439222,0.3810920067196295,0.4948401410854477,0.011547344110854504,iqa_delta-uciqe
udcp,0.14694866710729235,0.003856883695386585,-0.0047467757172842484,0.48332277559567327,0.4807682031917926,0.1276005547850208,iqa_delta-uciqe
clahe,0.1868252919145186,0.040025506673182186,0.022919002768873514,0.6077004621133507,0.5013225374828113,0.011560693641618497,iqa_raw-uiqm
funiegan,0.15135492399206874,-0.11964047981731063,-0.13526054653986924,0.5271629626606569,0.49789764972089584,0.1572112098427888,iqa_raw-uiqm
fusion,0.09297202026878167,-0.2749642729748743,-0.2864051194000196,0.4364874805309623,0.46680277246004603,0.05333333333333334,iqa_raw-uiqm
gray_world,0.1760299625468165,-0.21427532358440113,-0.24489562249218483,0.4740825764826354,0.4646689043122085,0.17827298050139276,iqa_raw-uiqm
udcp,0.14694866710729235,-0.09302834758442517,-0.10263096500114667,0.48638245443394,0.5084208928593554,0.25772141542237675,iqa_raw-uiqm
clahe,0.1868252919145186,0.09254815481419584,0.0767067809991668,0.5542618966072497,0.5386213213681418,0.2501467997651204,iqa_delta-uiqm
funiegan,0.15135492399206874,-0.0859332608331712,-0.09254384012813766,0.5341946035330518,0.5000119033043573,0.1476510067114094,iqa_delta-uiqm
fusion,0.09297202026878167,-0.2487867220099591,-0.25554811503142677,0.40172121834446706,0.42309341569518133,0.11764705882352941,iqa_delta-uiqm
gray_world,0.1760299625468165,-0.34494031036698003,-0.36726863459437736,0.31797333565352415,0.4565365798156787,0.02633744855967078,iqa_delta-uiqm
udcp,0.14694866710729235,-0.10982798133671991,-0.10591952641708138,0.5216837603925311,0.5277096085221852,0.2619961612284069,iqa_delta-uiqm
clahe,0.1868252919145186,-0.021560297923155596,-0.018153770559870015,0.5726338096747315,0.5587849460441768,0.32197728790915164,iqa_raw-uranker
funiegan,0.15135492399206874,-0.1923442433146491,-0.19869447059287845,0.5004496803868309,0.46658175642891797,0.16173570019723865,iqa_raw-uranker
fusion,0.09297202026878167,-0.18109147507780196,-0.1732480982126878,0.46423567982483915,0.5,0.1701269905261036,iqa_raw-uranker
gray_world,0.1760299625468165,-0.21249345677418102,-0.21451324489706441,0.4661870118396659,0.5007537831380134,0.29956775042285283,iqa_raw-uranker
udcp,0.14694866710729235,0.01954261461404285,-0.000631044878383635,0.5104482882525679,0.5076089279740296,0.2584737363726462,iqa_raw-uranker
clahe,0.1868252919145186,-0.06206995371181956,-0.04773422885920174,0.4029967718519806,0.41479625350802307,0.22842105263157894,iqa_delta-uranker
funiegan,0.15135492399206874,0.13197667860584505,0.14047887020554933,0.5061473954058535,0.5192822194107751,0.2661886623347524,iqa_delta-uranker
fusion,0.09297202026878167,-0.0242922573495713,-0.035601251763548926,0.4971359074096884,0.5,0.1701269905261036,iqa_delta-uranker
gray_world,0.1760299625468165,-0.153234668002385,-0.16714005885427596,0.4598013559730412,0.50230970531346,0.3001132502831257,iqa_delta-uranker
udcp,0.14694866710729235,-0.016063642106112733,-0.004925471075657736,0.5552786623217317,0.503643000297372,0.2557856272838002,iqa_delta-uranker
